{"stats":{"minecraft:custom":{"minecraft:interact_with_furnace":1,"minecraft:interact_with_anvil":1,"minecraft:inspect_hopper":2,"minecraft:interact_with_crafting_table":1,"minecraft:fill_cauldron":1,"minecraft:play_one_minute":982042,"minecraft:leave_game":29,"minecraft:time_since_death":1402,"minecraft:sleep_in_bed":1,"minecraft:climb_one_cm":86559,"minecraft:time_since_rest":1403,"minecraft:sprint_one_cm":439094,"minecraft:damage_taken":6690,"minecraft:walk_one_cm":645622,"minecraft:drop":4,"minecraft:swim_one_cm":3207,"minecraft:fly_one_cm":2711694,"minecraft:open_chest":141,"minecraft:crouch_one_cm":20830,"minecraft:deaths":352,"minecraft:sneak_time":19592,"minecraft:walk_under_water_one_cm":91501,"minecraft:jump":2868,"minecraft:walk_on_water_one_cm":1551,"minecraft:fall_one_cm":71828},"minecraft:used":{"minecraft:oak_fence":31,"minecraft:quartz_bricks":2,"minecraft:dark_oak_stairs":41,"minecraft:water_bucket":8,"minecraft:jungle_leaves":14,"minecraft:warped_stem":2,"minecraft:diorite":20,"minecraft:end_rod":9,"minecraft:iron_bars":4,"minecraft:end_stone_bricks":1,"minecraft:iron_ore":54,"minecraft:spruce_door":2,"minecraft:birch_planks":4,"minecraft:smooth_quartz_slab":90,"minecraft:red_concrete":1,"minecraft:armor_stand":4,"minecraft:dispenser":4,"minecraft:redstone":58,"minecraft:polished_blackstone":56,"minecraft:oak_planks":15,"minecraft:ladder":78,"minecraft:oak_sign":77,"minecraft:cactus":92,"minecraft:polished_basalt":5,"minecraft:chest":37,"minecraft:stone":29,"minecraft:redstone_block":47,"minecraft:composter":18,"minecraft:cauldron":1,"minecraft:quartz_stairs":45,"minecraft:grass":10,"minecraft:gold_ore":42,"minecraft:smooth_sandstone_stairs":13,"minecraft:oak_leaves":10,"minecraft:anvil":6,"minecraft:dirt":82,"minecraft:soul_sand":2,"minecraft:sand":15,"minecraft:ancient_debris":3,"minecraft:dark_prismarine_slab":3,"minecraft:hopper":1,"minecraft:tnt":3,"minecraft:crafting_table":6,"minecraft:crimson_hyphae":48,"minecraft:black_bed":6,"minecraft:note_block":3,"minecraft:gray_concrete":81,"minecraft:granite":8,"minecraft:end_stone":437,"minecraft:warped_planks":102,"minecraft:dark_oak_door":9,"minecraft:milk_bucket":1,"minecraft:obsidian":80,"minecraft:birch_door":1,"minecraft:oak_log":2,"minecraft:glass":33,"minecraft:netherite_block":147,"minecraft:dark_oak_planks":224,"minecraft:lever":4,"minecraft:black_wool":34,"minecraft:sea_lantern":13,"minecraft:black_concrete":26,"minecraft:lava_bucket":11,"minecraft:coal_ore":25,"minecraft:bookshelf":13,"minecraft:crying_obsidian":35,"minecraft:light_gray_concrete":33,"minecraft:warped_hyphae":2,"minecraft:command_block":73,"minecraft:quartz_slab":4,"minecraft:iron_block":879,"minecraft:grass_block":461,"minecraft:oak_stairs":40,"minecraft:barrier":33,"minecraft:stone_button":4,"minecraft:quartz_block":45,"minecraft:dark_oak_slab":58,"minecraft:spruce_trapdoor":36,"minecraft:smooth_quartz":377,"minecraft:diamond_ore":31,"minecraft:iron_door":9,"minecraft:stone_bricks":19,"minecraft:soul_lantern":2,"minecraft:bedrock":124,"minecraft:glowstone":7,"minecraft:repeater":24,"minecraft:potion":2,"minecraft:iron_trapdoor":14,"minecraft:tall_grass":29,"minecraft:sweet_berries":10,"minecraft:scaffolding":25,"minecraft:oak_sapling":11,"minecraft:furnace":3,"minecraft:dark_oak_fence":4,"minecraft:white_stained_glass_pane":18,"minecraft:chain_command_block":22,"minecraft:lapis_block":87,"minecraft:chain":3,"minecraft:glass_pane":5,"minecraft:repeating_command_block":11,"minecraft:polished_blackstone_button":1,"minecraft:stone_pressure_plate":7,"minecraft:white_concrete":186,"minecraft:fire_coral_fan":1,"minecraft:warped_button":55,"minecraft:jukebox":3,"minecraft:smooth_stone":1,"minecraft:bone_meal":10,"minecraft:horn_coral_fan":2,"minecraft:cobweb":10,"minecraft:soul_torch":7},"minecraft:picked_up":{"minecraft:wooden_axe":1,"minecraft:bow":1,"minecraft:netherite_sword":1,"minecraft:glass_bottle":1,"minecraft:shulker_box":27,"minecraft:bone_meal":1},"minecraft:dropped":{"minecraft:glass_bottle":2,"minecraft:netherite_sword":1,"minecraft:wooden_axe":1}},"DataVersion":2567}